,Healthy,ULP,SD,MTD
Healthy,1.0,0.034058519801756004,0.009990485443564179,0.04073373034730654
ULP,0.034058519801756004,1.0,0.1904456100557776,0.9309435014355913
SD,0.009990485443564179,0.1904456100557776,1.0,0.1904456100557776
MTD,0.04073373034730654,0.9309435014355913,0.1904456100557776,1.0
