,Healthy,ULP,SD,MTD
Healthy,1.0,0.012060742107305344,0.34950976927657884,0.3126885390908063
ULP,0.012060742107305344,1.0,0.381296817238905,0.3126885390908063
SD,0.34950976927657884,0.381296817238905,1.0,0.9826995932108189
MTD,0.3126885390908063,0.3126885390908063,0.9826995932108189,1.0
