parameter,H,p
AP,12.368620689655174,0.006221416583568099
TP,10.053218390804588,0.01811913450428232
AS_corr,12.567241379310346,0.0056723770673995375
PS_dist,9.542758620689654,0.022880804322823158
